QuestionID,ModelName,Topic,Question,Datetime
5da0c321-2c68-43bd-8772-e32549f8af9b,gpt3.5 question (v0.1),Cold Storage Best Practices,"What are the common mistakes that people make while implementing cold storage for their bitcoins, and how can they avoid them?",2023-05-05 00:05:39
906202ed-06bd-40db-9ec8-f952d10ba538,gpt3.5 question (v0.1),Cold Storage Best Practices,"What are some additional security measures one can take to ensure the safety of their cold storage devices, beyond simply keeping them in a secure location?",2023-05-05 00:05:39
b5f6a8a3-3bc7-4679-aa71-fe83d8f61f3e,gpt3.5 question (v0.1),Cold Storage Best Practices,What are the key factors to consider when selecting a suitable location for cold storage of Bitcoins?,2023-05-05 00:05:39
352a03b0-37e7-4b44-9cb3-7a759e5ca4de,gpt3.5 question (v0.1),Cold Storage Best Practices,What are some important considerations to keep in mind when selecting a location and container for your cold storage device?,2023-05-05 00:08:39
ed9b503f-1496-48b6-9c81-c3e4451bd434,gpt3.5 question (v0.1),Cold Storage Best Practices,"What are the most effective methods for securely storing and accessing the private keys of a cold storage wallet, and how can you ensure that your cold storage device remains safe from physical damage and theft?",2023-05-05 00:08:39
7c3f1bf6-1afd-4734-9013-838f12a1c9a1,gpt3.5 question (v0.1),Cold Storage Best Practices,What are the most crucial factors to consider while choosing a cold storage device for Bitcoin?,2023-05-05 00:08:39
8a760534-7c10-4940-af62-64c283e47705,gpt3.5 question (v0.1),Technical Details in the Bitcoin Whitepaper,"In the Bitcoin Whitepaper, what is the purpose of the concept of ""proof-of-work,"" and how does it contribute to the security of the Bitcoin network?",2023-05-08 21:20:02
4cf61e4b-ea4e-4c22-be59-75e71c649651,gpt3.5 question (v0.1),Technical Details in the Bitcoin Whitepaper,What is the purpose of the nonce in the proof of work consensus algorithm as described in the Bitcoin whitepaper?,2023-05-08 21:20:02
572da111-6ac9-413b-96d5-892e484eb4ce,gpt3.5 question (v0.1),Technical Details in the Bitcoin Whitepaper,What is the significance of the 10-minute block time interval mentioned in the Bitcoin Whitepaper and how does it contribute to the security and efficiency of the Bitcoin network?,2023-05-08 21:20:02
3acfa89f-4eb8-4d8a-ba51-8f063ee16d71,gpt3.5 question (v0.1),Technical Details in the Bitcoin Whitepaper,What is the significance of the SHA-256 hashing algorithm mentioned in the Bitcoin Whitepaper and how does it provide security to the Bitcoin network?,2023-05-08 21:20:02
8dad92a2-3327-472b-820d-e904e2742248,gpt3.5 question (v0.1),Technical Details in the Bitcoin Whitepaper,What are the key technical differences between Bitcoin's proof-of-work consensus algorithm and the proof-of-stake consensus algorithm proposed in other blockchain protocols?,2023-05-08 21:20:02
057d9bdf-68fd-4a84-bc00-b25a1192216a,gpt3.5 question (v0.1),Technical Details in the Bitcoin Whitepaper,"What is the significance of the 10-minute block confirmation time mentioned in the Bitcoin whitepaper, and how does it contribute to the security and efficiency of the Bitcoin network?",2023-05-08 21:20:02
96668a23-26e9-47b7-889b-43ef87092314,gpt3.5 question (v0.1),Technical Details in the Bitcoin Whitepaper,"What is the significance of the 10-minute block creation time in the Bitcoin protocol, as outlined in the original whitepaper?",2023-05-08 21:20:02
cb36d2f6-0f92-4778-93f6-90df2b29b7dc,gpt3.5 question (v0.1),Technical Details in the Bitcoin Whitepaper,What is the significance of the timestamp server mentioned in the Bitcoin whitepaper and how does it contribute to the overall security and integrity of the system?,2023-05-08 21:20:02
05c7fa58-a8fc-4276-b9cc-6e52eb715d85,gpt3.5 question (v0.1),Technical Details in the Bitcoin Whitepaper,"What is the significance of the ""timestamp server"" mentioned in the Bitcoin whitepaper and how does it prevent double-spending?",2023-05-08 21:20:02
a62c3c2a-ece2-4af0-942f-72639d84ba61,gpt3.5 question (v0.1),Technical Details in the Bitcoin Whitepaper,What is the significance of the SHA-256 hashing algorithm mentioned in the Bitcoin Whitepaper?,2023-05-08 21:20:02
abadfe28-67c7-44d2-9d20-6c3ec436d11e,gpt3.5 question (v0.1),Technical Details in the Bitcoin Whitepaper,"What is the significance of the use of a SHA-256 hash function in the Bitcoin protocol, as described in the technical details outlined in the Bitcoin Whitepaper?",2023-05-08 21:20:02
759d2db4-73bc-4243-9a6d-b943b903ae97,gpt3.5 question (v0.1),Technical Details in the Bitcoin Whitepaper,"In the Bitcoin whitepaper, it is stated that the maximum block size limit is 1 MB. However, in 2017, the block size was increased through a soft fork to accommodate more transactions. Can you explain how this was possible without altering the original whitepaper?",2023-05-08 21:20:02
d2970a9c-ece3-42dc-84fd-32fa3df6647c,gpt3.5 question (v0.1),Technical Details in the Bitcoin Whitepaper,"What is the significance of the concept of ""proof-of-work"" as described in the Bitcoin Whitepaper, and how does it contribute to the overall security and integrity of the Bitcoin network?",2023-05-08 21:20:02
9f07bf5c-9fa6-406e-8955-05fa905931b6,gpt3.5 question (v0.1),Technical Details in the Bitcoin Whitepaper,"What is the significance of the fixed block size limit of 1 MB in the Bitcoin network, as proposed in the original Bitcoin Whitepaper?",2023-05-08 21:20:02
f9973cc9-47f3-47cb-b015-ed290b19b203,gpt3.5 question (v0.1),Technical Details in the Bitcoin Whitepaper,What is the significance of the timestamp feature in the Bitcoin protocol and how does it ensure the security and integrity of the blockchain?,2023-05-08 21:20:02
e90957c4-1f9d-4f39-8a24-b6e9901e8dfa,gpt3.5 question (v0.1),Technical Details in the Bitcoin Whitepaper,What is the significance of the hashcash proof-of-work function mentioned in the Bitcoin whitepaper and how does it relate to the mining process?,2023-05-08 21:20:02
18b3aa28-d0a0-4515-a9e1-2a74290ce0a6,gpt3.5 question (v0.1),Technical Details in the Bitcoin Whitepaper,"What is the significance of the ""nonce"" value in Bitcoin's proof-of-work consensus mechanism, as explained in the technical details of the Bitcoin whitepaper?",2023-05-08 21:20:02
c1220008-d77e-4802-b748-464c377fdc48,gpt3.5 question (v0.1),Technical Details in the Bitcoin Whitepaper,What is the significance of the 10-minute block time interval mentioned in the Bitcoin Whitepaper?,2023-05-08 21:20:02
9ebca97b-c9c2-4371-a8d0-1dd713dfb8e3,gpt3.5 question (v0.1),Technical Details in the Bitcoin Whitepaper,What is the significance of the 10-minute block time interval set by Satoshi Nakamoto in the original Bitcoin Whitepaper?,2023-05-08 21:20:02
1245fd4c-eb53-497d-99fd-a0e599c2553e,gpt3.5 question (v0.1),Technical Details in the Bitcoin Whitepaper,"What is the significance of the timestamping system in the Bitcoin whitepaper, and how does it contribute to the security and efficiency of the network?",2023-05-08 21:20:02
13387000-d903-4a6d-b770-7646be5ca773,gpt3.5 question (v0.1),Bitcoin mining,"What is the current estimated energy consumption of the Bitcoin network's mining activities, and what are some proposed solutions to reduce its environmental impact?",2023-05-08 21:39:15
61723688-57d2-41f8-935e-df8ca752da08,gpt3.5 question (v0.1),Bitcoin mining,What is the impact of Bitcoin mining on the environment and what are some potential solutions to reduce its carbon footprint?,2023-05-08 21:39:15
c89a923e-3824-4710-8d52-f57f19d13145,gpt3.5 question (v0.1),Bitcoin mining,What is the current estimated number of hashes per second (hash rate) of the entire Bitcoin network and how has it evolved over time?,2023-05-08 21:39:15
a03ef6d1-4ada-43eb-b46b-6c2e2ee3baa7,gpt3.5 question (v0.1),Bitcoin mining,What is the difference between solo mining and joining a mining pool in Bitcoin mining?,2023-05-08 21:39:15
52337a83-fc0e-429b-9873-f69d863547cc,gpt3.5 question (v0.1),Bitcoin mining,How does the halving event in Bitcoin mining impact the profitability of miners and the overall supply of new Bitcoins?,2023-05-08 21:39:15
0b942d94-491b-4566-afa9-f036ab71a3fc,gpt3.5 question (v0.1),Bitcoin mining,"What is the role of hashing in the Bitcoin mining process, and how does it ensure the security and integrity of the Bitcoin network?",2023-05-08 21:39:15
7d30cf2d-2ed0-47a1-927c-77fdc56683e1,gpt3.5 question (v0.1),Bitcoin mining,"How has the increase in mining difficulty affected the profitability and sustainability of Bitcoin mining operations, and what measures have miners taken to optimize their efficiency and reduce costs?",2023-05-08 21:39:15
231ebe46-b173-4199-bcae-236cba2073e7,gpt3.5 question (v0.1),Bitcoin mining,What is the role of a miner in the Bitcoin network and how does the mining process contribute to the security and decentralization of the network?,2023-05-08 21:39:15
9af135e0-9b37-44d9-8d8f-8e814e1fd3f7,gpt3.5 question (v0.1),Bitcoin mining,"What is the role of a miner in the Bitcoin network, and how do they contribute to the security and verification of transactions?",2023-05-08 21:39:15
0eecb95a-9457-43c4-852a-e57f8ad2b4ba,gpt3.5 question (v0.1),Bitcoin mining,"What is the role of mining difficulty in Bitcoin mining, and how does it affect the rate at which new Bitcoins are generated?",2023-05-08 21:39:15
b9700d42-6e60-425a-8d27-357456546196,gpt3.5 question (v0.1),Bitcoin mining,What is the hash rate and how does it impact the profitability of Bitcoin mining?,2023-05-08 21:39:15
af3ee27b-483e-4ae7-b672-7dcd2ecafe74,gpt3.5 question (v0.1),Bitcoin mining,What is the role of nodes in the Bitcoin mining process?,2023-05-08 21:39:15
89ad5db7-b259-4592-bcd0-5a612c0140ea,gpt3.5 question (v0.1),Bitcoin mining,What is the current Bitcoin block reward and how often does it halve?,2023-05-08 21:39:15
090fbd3b-02fa-429e-a5de-c0b465e61bec,gpt3.5 question (v0.1),Bitcoin mining,"What is the role of a mining pool in Bitcoin mining, and how does it differ from solo mining?",2023-05-08 21:39:15
dd6598c0-daf6-4bde-8f10-ff7c0ff019a1,gpt3.5 question (v0.1),Bitcoin mining,"What is the role of mining pools in Bitcoin mining, and how do they impact the decentralization of the network?",2023-05-08 21:39:15
f71dc766-58b7-43ce-8d88-3f0488076c83,gpt3.5 question (v0.1),Bitcoin mining,What is the significance of the mining difficulty level in the Bitcoin network and how does it impact the mining process and rewards for miners?,2023-05-08 21:39:15
149cfd62-3e4d-415e-8f96-45022e5ca90c,gpt3.5 question (v0.1),Bitcoin mining,"What are the environmental impacts of Bitcoin mining, and how can they be mitigated?",2023-05-08 21:39:15
d02766e3-edef-49a6-a4f3-05af15099b7e,gpt3.5 question (v0.1),Bitcoin mining,What is the role of a mining pool in Bitcoin mining and how does it affect the profitability of individual miners?,2023-05-08 21:39:15
b881c8cd-2f92-4e40-a0fa-5f6e2bf5e437,gpt3.5 question (v0.1),Bitcoin mining,How have the increasing difficulty levels of Bitcoin mining impacted the profitability and sustainability of small-scale mining operations over the years?,2023-05-08 21:39:15
8d094c5e-a499-41a8-bd29-3a87907cd091,gpt3.5 question (v0.1),Bitcoin mining,How does the process of mining Bitcoin contribute to the security and decentralization of the Bitcoin network?,2023-05-08 21:39:15
c2642024-b34b-4fc4-a52b-1f86f902f4c0,gpt3.5 question (v0.1),Decentralization,"What are the key benefits of decentralization in the context of Bitcoin, and how does it differentiate Bitcoin from traditional centralized financial systems?",2023-05-08 22:06:21
7c64b122-649f-461f-9b16-1820a2686b1a,gpt3.5 question (v0.1),Decentralization,How does decentralization in Bitcoin help prevent the concentration of power and control in the hands of a few individuals or entities?,2023-05-08 22:06:21
f8ceaca0-21a8-47fe-83cb-7751b870b548,gpt3.5 question (v0.1),Decentralization,"What is the significance of decentralization in the context of Bitcoin's underlying technology, the blockchain?",2023-05-08 22:06:21
9c267420-e83a-4b27-a441-0edd8d182dca,gpt3.5 question (v0.1),Decentralization,What are some of the potential challenges that a decentralized system like Bitcoin may face in terms of governance and decision-making processes?,2023-05-08 22:06:21
1df9c5ac-ef36-4818-9a29-966bb5f64a3a,gpt3.5 question (v0.1),Decentralization,How does decentralization in Bitcoin contribute to its security and resistance to censorship compared to traditional centralized banking systems?,2023-05-08 22:06:21
8fdf0d6f-e0fd-451a-ba3a-69d062049d2a,gpt3.5 question (v0.1),Decentralization,How does decentralization address the issue of trust in traditional financial systems?,2023-05-08 22:06:21
e797b672-d7cf-4c77-93d0-a482f1077e11,gpt3.5 question (v0.1),Decentralization,"What are some potential challenges to achieving true decentralization in the Bitcoin network, and how might these be addressed?",2023-05-08 22:06:21
32360f8b-b985-48aa-809d-50460d8e77cb,gpt3.5 question (v0.1),Decentralization,How does the decentralized nature of Bitcoin ensure that no single entity or government can control the network and manipulate its transactions?,2023-05-08 22:06:21
5401830c-384b-49a3-8d81-93764f44ab17,gpt3.5 question (v0.1),Decentralization,What are some potential drawbacks of achieving full decentralization in a blockchain network?,2023-05-08 22:06:21
c9963f50-81f0-467a-95eb-5de3f221eefb,gpt3.5 question (v0.1),Decentralization,How does decentralization in the Bitcoin network ensure security and prevent single points of failure?,2023-05-08 22:06:21
dd62fe95-e09d-4c6a-a7a9-3a7ec9344969,gpt3.5 question (v0.1),Decentralization,What are the benefits of decentralization in the context of Bitcoin and how does it differ from traditional centralized systems?,2023-05-08 22:06:21
efebf5fd-a17e-4728-9cc6-8f34878b5341,gpt3.5 question (v0.1),Decentralization,How does decentralization ensure the integrity and security of transactions in a blockchain network?,2023-05-08 22:06:21
2da3fa50-b00c-434f-b896-8c650040275a,gpt3.5 question (v0.1),Decentralization,How does decentralization in Bitcoin prevent a single entity from controlling or manipulating the network's transactions and overall operation?,2023-05-08 22:06:21
b0013a9e-dd71-40a8-aa37-ef5627251339,gpt3.5 question (v0.1),Decentralization,"How does the concept of decentralization in Bitcoin ensure that no single entity has control over the network and its transactions, and how does this improve the security and transparency of the system?",2023-05-08 22:06:21
34c84b9f-ed57-4e20-8b14-496dc65bb5f6,gpt3.5 question (v0.1),Decentralization,"What are the potential benefits and drawbacks of a fully decentralized system, compared to a partially decentralized or centralized system, in terms of security, scalability, and decision-making?",2023-05-08 22:06:21
d7662d9e-f641-4561-9e08-7d2a19dd4672,gpt3.5 question (v0.1),Decentralization,What are the advantages of decentralization in the context of cryptocurrency and how does it differ from centralized systems?,2023-05-08 22:06:21
8c6c6690-5f2f-4685-a499-64505d7db5e6,gpt3.5 question (v0.1),Decentralization,No answer found.,2023-05-08 22:06:21
668bd21c-df1b-4457-9ab4-cd2440c61632,gpt3.5 question (v0.1),Decentralization,"What is the role of decentralized consensus mechanisms, such as Proof of Work or Proof of Stake, in ensuring the decentralized nature of blockchain networks like Bitcoin?",2023-05-08 22:06:21
f37aa9b6-c46f-4ff3-a11a-a53a73823511,gpt3.5 question (v0.1),Decentralization,How does the concept of decentralization in Bitcoin contribute to its security and resistance to censorship?,2023-05-08 22:06:21
b81d8cde-bab7-40e1-924a-0d0a83252512,gpt3.5 question (v0.1),Decentralization,How can decentralization improve the security of a blockchain network compared to a centralized system?,2023-05-08 22:06:21
77cd5f39-7b95-4472-b71a-7c27873725cd,gpt3.5 question (v0.1),historical Bitcoin events,What was the impact of the Mt. Gox hack on the price of Bitcoin and how did it affect the public perception of the cryptocurrency?,2023-05-08 22:20:54
78559ace-a3d1-421a-9752-7766bff097fb,gpt3.5 question (v0.1),historical Bitcoin events,What was the significance of the Mt. Gox exchange hack in 2014 for the Bitcoin ecosystem and how did it impact the overall adoption and perception of Bitcoin among the public?,2023-05-08 22:20:54
5a5a1986-3d79-4e0c-b210-db2c79c8d989,gpt3.5 question (v0.1),historical Bitcoin events,What was the impact of the Mt. Gox exchange hack on the price and perception of Bitcoin in the global market?,2023-05-08 22:20:54
9d7f43c3-2edd-437a-af8b-2c3ee1900252,gpt3.5 question (v0.1),historical Bitcoin events,What was the impact of the Mt. Gox exchange hack on the price and public perception of Bitcoin?,2023-05-08 22:20:54
0955f153-91e4-4adb-9845-a63f7018a1fe,gpt3.5 question (v0.1),historical Bitcoin events,What was the impact of the Mt. Gox hack on the overall adoption and perception of Bitcoin in the early days of its existence?,2023-05-08 22:20:54
9a3e5276-f80d-4ecf-8cde-64cd787581f8,gpt3.5 question (v0.1),historical Bitcoin events,What was the impact of the Mt. Gox hack on the overall adoption and public perception of Bitcoin?,2023-05-08 22:20:54
24a0e5c6-470d-4c92-b19a-652293010fb9,gpt3.5 question (v0.1),historical Bitcoin events,"What was the significance of the Mt. Gox hack in 2014, which resulted in the loss of approximately 850,000 bitcoins?",2023-05-08 22:20:54
89acb2ed-c8d0-4207-bae3-93763fb1e416,gpt3.5 question (v0.1),historical Bitcoin events,What was the impact of the Silk Road shutdown on Bitcoin's value and public perception?,2023-05-08 22:20:54
1955734e-633d-40f8-8bf4-78eac94db5af,gpt3.5 question (v0.1),historical Bitcoin events,What was the significance of the Silk Road marketplace for the early adoption and use of Bitcoin?,2023-05-08 22:20:54
f0186732-9e47-4d07-a450-0c0262ff1cc1,gpt3.5 question (v0.1),historical Bitcoin events,"What was the significance of the Bitcoin Pizza Day event that occurred on May 22, 2010?",2023-05-08 22:20:54
95b7e3ec-51a0-465d-ac1e-fac13b24ff0d,gpt3.5 question (v0.1),historical Bitcoin events,"What was the significance of the ""Pizza Day"" event in Bitcoin's history and how did it help establish the value of the cryptocurrency?",2023-05-08 22:20:54
9edca63c-aec7-4c52-a124-73d7ec217892,gpt3.5 question (v0.1),historical Bitcoin events,What was the significance of the Mt. Gox hack on the Bitcoin community and how did it impact the price of Bitcoin at the time?,2023-05-08 22:20:54
dc951460-3287-44c4-8bb5-3a8732987bd7,gpt3.5 question (v0.1),historical Bitcoin events,What was the significance of the Silk Road marketplace for the adoption and early use of Bitcoin?,2023-05-08 22:20:54
ca1f319e-725a-4ac0-adf4-9cefd092cd78,gpt3.5 question (v0.1),historical Bitcoin events,"What was the significance of the ""Mt. Gox hack"", which occurred in 2014, and how did it impact the reputation of Bitcoin at the time?",2023-05-08 22:20:54
621839c1-706b-422b-9174-ed4eac2ce3f4,gpt3.5 question (v0.1),historical Bitcoin events,"What was the significance of the first Bitcoin transaction that took place on May 22, 2010, where Laszlo Hanyecz paid 10,000 BTC for two pizzas?",2023-05-08 22:20:54
c9d55382-d4ab-4ea3-95f6-0c1d1928d26c,gpt3.5 question (v0.1),historical Bitcoin events,"In what year did the infamous Mt. Gox exchange hack occur, which resulted in the loss of over 850,000 bitcoins?",2023-05-08 22:20:54
cdf9ee7c-c0af-4d36-ac29-79a3deff5d26,gpt3.5 question (v0.1),historical Bitcoin events,"What was the significance of the Mt. Gox hack in 2014, and how did it impact the Bitcoin market and community?",2023-05-08 22:20:54
9257020d-a9ed-493d-b18c-07a5683a8950,gpt3.5 question (v0.1),historical Bitcoin events,"What was the impact of the infamous Mt. Gox hack on the Bitcoin community, and how did it affect the price of Bitcoin?",2023-05-08 22:20:54
79cdac2c-42dd-4f34-bc3d-c8a92426bec3,gpt3.5 question (v0.1),historical Bitcoin events,What was the impact of the Silk Road shutdown on the value and adoption of Bitcoin?,2023-05-08 22:20:54
e1fa6f59-9344-4223-9c86-f546ef41411f,gpt3.5 question (v0.1),historical Bitcoin events,What major historical event led to the creation of Bitcoin and how did it influence the development of the cryptocurrency?,2023-05-08 22:20:54
b4ecd500-6f94-4567-add4-fd791c71e98f,gpt3.5 question (v0.1),Bitcoin design,"How does the design of Bitcoin's blockchain ensure that there can only ever be 21 million Bitcoins in circulation, and what implications does this have for the future of the currency?",2023-05-08 22:28:56
bbd142d0-c508-476a-8789-391c2c3071e6,gpt3.5 question (v0.1),Bitcoin design,What inspired the design of the Bitcoin logo and what does it represent in terms of the ideology behind the cryptocurrency?,2023-05-08 22:28:56
8ade4014-5934-473d-9b1c-e4806bba0bb0,gpt3.5 question (v0.1),Bitcoin design,How does Bitcoin's decentralized design ensure the security and integrity of transactions without relying on a central authority?,2023-05-08 22:28:56
2cc682df-a8b8-430a-8eaa-85e6d1d6923e,gpt3.5 question (v0.1),Bitcoin design,"How does the design of the Bitcoin protocol ensure the security and immutability of the transaction ledger, while also allowing for decentralized consensus among nodes in the network?",2023-05-08 22:28:56
a4d7a165-936f-484a-aeb2-71967506b5a2,gpt3.5 question (v0.1),Bitcoin design,What design principles were considered when creating the Bitcoin logo and how does it reflect the values and goals of the Bitcoin community?,2023-05-08 22:28:56
07f115d5-2f8a-4a26-92e2-7ce086ee11b4,gpt3.5 question (v0.1),Bitcoin design,How does the design of Bitcoin's blockchain ensure security and prevent double-spending?,2023-05-08 22:28:56
b07b103e-4522-4ecf-a65f-5bf23288fe91,gpt3.5 question (v0.1),Bitcoin design,How does the design of the Bitcoin blockchain ensure decentralization and prevent single points of failure?,2023-05-08 22:28:56
51cf559a-731b-456f-bac7-574ef292c614,gpt3.5 question (v0.1),Bitcoin design,What design principles were followed when creating the Bitcoin logo and why were they chosen?,2023-05-08 22:28:56
d85046ab-a8ae-4c19-9cca-9e94a0b8ef37,gpt3.5 question (v0.1),Bitcoin design,"What are the specific design choices made in the creation of Bitcoin's scripting language, and how do they contribute to the security and versatility of the Bitcoin network?",2023-05-08 22:28:56
c53d0a43-1fc8-4201-8031-b3fef97188bd,gpt3.5 question (v0.1),Bitcoin design,How does the design of the Bitcoin network and its consensus algorithm ensure its decentralization and resistance to attacks?,2023-05-08 22:28:56
9858fa4d-c374-48b3-9407-292f032e8a32,gpt3.5 question (v0.1),Bitcoin design,How does the decentralized design of Bitcoin's blockchain ensure security and prevent fraud in transactions?,2023-05-08 22:28:56
8cd5f821-5102-4d42-b2a4-a31975e2d1da,gpt3.5 question (v0.1),Bitcoin design,What design considerations were taken into account when creating the Bitcoin logo and why was simplicity a key factor in its design?,2023-05-08 22:28:56
f00a8ada-efd7-46de-b7d0-8967d834a60a,gpt3.5 question (v0.1),Bitcoin design,"What were the major design considerations that went into creating the Bitcoin protocol, and how have these design choices influenced the development of the broader cryptocurrency ecosystem?",2023-05-08 22:28:56
a944b780-4c4e-480c-be1e-eeca63c37ca2,gpt3.5 question (v0.1),Bitcoin design,How did the design of Bitcoin's blockchain protocol ensure decentralization and prevent double-spending without the need for a central authority?,2023-05-08 22:28:56
b972c878-ae0c-4a7f-a659-a46e81d29240,gpt3.5 question (v0.1),Bitcoin design,How did the design of Bitcoin's block structure ensure the security and immutability of the blockchain?,2023-05-08 22:28:56
1e5ba1af-bc50-4a7f-8b7e-fefe344a32f2,gpt3.5 question (v0.1),Bitcoin design,What design principles were considered during the creation of the Bitcoin logo and why were they chosen?,2023-05-08 22:28:56
0e380417-b4b7-449b-9b10-227d679312b8,gpt3.5 question (v0.1),Bitcoin design,What design features in Bitcoin's protocol make it more resistant to centralization and censorship compared to traditional financial systems?,2023-05-08 22:28:56
3bcafc84-d780-4e62-a400-4aaf726d1249,gpt3.5 question (v0.1),Bitcoin design,What was the rationale behind the decision to limit the total number of Bitcoins that can be mined to 21 million?,2023-05-08 22:28:56
77a1414c-8f59-4723-b82e-f1b14b467ef7,gpt3.5 question (v0.1),Bitcoin design,How does the design of the Bitcoin network ensure the safety and security of transactions and prevent double-spending?,2023-05-08 22:28:56
76427269-9758-47a1-b3e8-dffe305e18f1,gpt3.5 question (v0.1),Bitcoin design,How does Bitcoin's decentralized design ensure security and prevent censorship or control by any single entity or government?,2023-05-08 22:28:56
11895328-692a-4192-b1a3-b3b87539a5ca,gpt3.5 question (v0.1),Bitcoin wallet,What is the difference between a hot wallet and a cold wallet in relation to Bitcoin storage?,2023-05-08 22:44:07
3153ca30-cac5-46c6-b013-3e6ef29e409a,gpt3.5 question (v0.1),Bitcoin wallet,What are the different types of Bitcoin wallets available and which one is the most secure?,2023-05-08 22:44:07
1bbcf0cc-0424-40ac-9b96-f18509646c14,gpt3.5 question (v0.1),Bitcoin wallet,What are the key differences between hot wallets and cold wallets and which one is considered to be more secure for storing Bitcoins?,2023-05-08 22:44:07
8856ff7c-6e9f-4c74-ac1a-326953c67632,gpt3.5 question (v0.1),Bitcoin wallet,What is the difference between a hot wallet and a cold wallet when it comes to storing Bitcoin?,2023-05-08 22:44:07
81be816b-7dc5-4362-8774-5d6cab1b5104,gpt3.5 question (v0.1),Bitcoin wallet,No answer found.,2023-05-08 22:44:07
12517f3c-4c59-4d70-ad12-22de5d4bc648,gpt3.5 question (v0.1),Bitcoin wallet,What are the different types of Bitcoin wallets available and how do they differ in terms of security and convenience?,2023-05-08 22:44:07
acffaca9-7e39-4b16-84f2-44ce2c3c46e1,gpt3.5 question (v0.1),Bitcoin wallet,What are the different types of Bitcoin wallets available in the market and how do they differ in terms of security and accessibility?,2023-05-08 22:44:07
7b204e7a-f5bd-423d-a6b6-5707430cf4d9,gpt3.5 question (v0.1),Bitcoin wallet,What is the main difference between a hot wallet and a cold wallet in the context of Bitcoin storage and why is it important to understand this difference?,2023-05-08 22:44:07
1d3f8a3f-7136-47bc-8f2c-9b0eee2dff9a,gpt3.5 question (v0.1),Bitcoin wallet,"What are the differences between a hot wallet and a cold wallet, and which one is considered to be more secure for storing Bitcoin?",2023-05-08 22:44:07
0465b23b-1a56-47ea-b7af-a2db2b46f441,gpt3.5 question (v0.1),Bitcoin wallet,What is the difference between a hot wallet and a cold wallet when it comes to storing your Bitcoin?,2023-05-08 22:44:07
5160000d-c918-4618-b4fb-7666b70acf4e,gpt3.5 question (v0.1),Bitcoin wallet,"What is the difference between a hot and a cold Bitcoin wallet, and which one is considered more secure?",2023-05-08 22:44:07
9d765d7a-3980-4798-97f8-c0b02f4bbef2,gpt3.5 question (v0.1),Bitcoin wallet,What is the difference between a hot and a cold Bitcoin wallet?,2023-05-08 22:44:07
27b50e41-4c7c-4c98-8bdd-7caa73503523,gpt3.5 question (v0.1),Bitcoin wallet,What is a multi-signature Bitcoin wallet and how does it ensure higher security for your Bitcoin holdings?,2023-05-08 22:44:07
7faf9e98-f030-45e9-8c8c-d01177f3b53f,gpt3.5 question (v0.1),Bitcoin wallet,What is the difference between a hot wallet and a cold wallet in the context of Bitcoin?,2023-05-08 22:44:07
7d8f440d-dc3f-4005-b35a-a83cd91b0242,gpt3.5 question (v0.1),Bitcoin wallet,What are the different types of Bitcoin wallets and which one is considered the most secure?,2023-05-08 22:44:07
e62be643-aa0d-45de-9326-770f5557743c,gpt3.5 question (v0.1),Bitcoin wallet,What is the difference between a hot wallet and a cold wallet in the context of Bitcoin storage?,2023-05-08 22:44:07
511ea733-cc31-468e-877e-aaa4da977ac8,gpt3.5 question (v0.1),Bitcoin wallet,What is the difference between a hot wallet and a cold wallet in Bitcoin and which one is considered more secure?,2023-05-08 22:44:07
60b194bc-6e6c-419f-8020-2cb0b3d121af,gpt3.5 question (v0.1),Bitcoin wallet,What are the benefits of using a hardware wallet for storing your Bitcoin compared to a software or mobile wallet?,2023-05-08 22:44:07
803d1f2d-a81f-4a23-a77b-399c92e0029a,gpt3.5 question (v0.1),Bitcoin wallet,What is the difference between a hot wallet and a cold wallet in the context of Bitcoin storage and security?,2023-05-08 22:44:07
85931c74-19e5-4418-a817-c6e1de811e73,gpt3.5 question (v0.1),Bitcoin wallet,What are the different types of Bitcoin wallets available and what are the pros and cons of each type?,2023-05-08 22:44:07
810b16cd-6952-49a2-a90b-ac20c77f0568,gpt3.5 question (v0.1),Bitcoin economic topics,"What impact does the halving event have on the supply and demand dynamics of Bitcoin, and how does it affect the price of Bitcoin in the short and long term?",2023-05-08 22:54:39
f12de659-a4e3-4010-870e-5b3133e6b552,gpt3.5 question (v0.1),Bitcoin economic topics,"What is the impact of the Bitcoin market on the global economy, and how has it influenced the traditional financial system?",2023-05-08 22:54:39
e9e650ae-b3d4-4ee7-9586-08590c2cb112,gpt3.5 question (v0.1),Bitcoin economic topics,What is the impact of Bitcoin mining on the overall supply and demand dynamics of Bitcoin?,2023-05-08 22:54:39
c6288fd4-cc2b-4f8e-bc95-22a3de220082,gpt3.5 question (v0.1),Bitcoin economic topics,What impact do Bitcoin halvings have on the overall supply and demand dynamics of the cryptocurrency market?,2023-05-08 22:54:39
13b45fce-5e22-4565-b1be-fd03480cfdb1,gpt3.5 question (v0.1),Bitcoin economic topics,What is the impact of Bitcoin's deflationary monetary policy on its adoption and usage as a currency?,2023-05-08 22:54:39
0990be31-6464-44ac-975b-5031fd6eea7d,gpt3.5 question (v0.1),Bitcoin economic topics,How does the limited supply of Bitcoin affect its value in the long term?,2023-05-08 22:54:39
ffb6c9aa-e61a-4c85-b8d5-d1aecab9836b,gpt3.5 question (v0.1),Bitcoin economic topics,What is the impact of Bitcoin's deflationary nature on its long-term economic viability?,2023-05-08 22:54:39
8ced8df9-4b32-4a66-8e19-b4024377a209,gpt3.5 question (v0.1),Bitcoin economic topics,"What is the impact of Bitcoin mining on the global economy, and how does it compare to traditional methods of generating currency?",2023-05-08 22:54:39
4824e1c9-4d2a-4ba9-905d-0103c050a576,gpt3.5 question (v0.1),Bitcoin economic topics,What is the impact of Bitcoin's limited supply on its economic value and how does this differ from traditional fiat currencies?,2023-05-08 22:54:39
10a416e7-82bc-4306-9cd1-74a480cb15fa,gpt3.5 question (v0.1),Bitcoin economic topics,What is the impact of Bitcoin's deflationary nature on its economic stability and adoption?,2023-05-08 22:54:39
328c42bb-3d20-4e5c-a3e4-958d95c23b96,gpt3.5 question (v0.1),Bitcoin economic topics,How does the limited supply of Bitcoin affect its economic value and how does this compare to traditional fiat currencies?,2023-05-08 22:54:39
9edde318-9a96-46bd-a3d7-88bca6b8f3aa,gpt3.5 question (v0.1),Bitcoin economic topics,"What is the impact of the Bitcoin halving event on the cryptocurrency's supply and demand dynamics, and how does it affect the price of Bitcoin in the short and long term?",2023-05-08 22:54:39
daa83acf-240f-4f17-a9cb-add9c9866336,gpt3.5 question (v0.1),Bitcoin economic topics,What is the impact of Bitcoin's finite supply on its economic value and how does this differ from traditional fiat currencies?,2023-05-08 22:54:39
95939f2a-cdaf-459f-becc-94d6017b64de,gpt3.5 question (v0.1),Bitcoin economic topics,How does the Bitcoin network's limited supply of 21 million coins affect its economic value and potential for mainstream adoption?,2023-05-08 22:54:39
3b374daa-aa33-49c4-90ef-ee433328884c,gpt3.5 question (v0.1),Bitcoin economic topics,How does the fixed supply of bitcoin impact its value as a currency and store of value compared to traditional fiat currencies that can be subject to inflation?,2023-05-08 22:54:39
d1fc775a-d456-48cb-8f1f-a9b32725c463,gpt3.5 question (v0.1),Bitcoin economic topics,What is the impact of the Bitcoin halving event on the supply and demand dynamics of the cryptocurrency market?,2023-05-08 22:54:39
120e0050-3af2-4bc9-a90c-385e4ab27a7d,gpt3.5 question (v0.1),Bitcoin economic topics,How does the limited supply of Bitcoin affect its value in the market and the overall economy?,2023-05-08 22:54:39
6a2efcbb-0a4d-488f-b0de-c67fa815f04f,gpt3.5 question (v0.1),Bitcoin economic topics,How does the limited supply of Bitcoin affect its price and adoption in the global economy?,2023-05-08 22:54:39
3146ccd3-5a72-48b9-afb7-996e8a9f0be7,gpt3.5 question (v0.1),Bitcoin economic topics,How does the limited supply of Bitcoin affect its value in the long term and how does it differ from traditional fiat currencies?,2023-05-08 22:54:39
741aa1ab-76dd-4b53-aea9-a54aff9ddbd5,gpt3.5 question (v0.1),Bitcoin economic topics,What is the impact of Bitcoin's fixed supply on its economic value and how does it differ from traditional fiat currencies that have a constantly changing supply?,2023-05-08 22:54:39
bef4d800-d15a-4699-b5a0-896a01d4b9f1,gpt3.5 question (v0.1),Bitcoin forks,What is the difference between a hard fork and a soft fork in the context of Bitcoin and how do they affect the blockchain network?,2023-05-08 23:09:39
2d055e8d-5a07-446a-a69d-0f1ada2123d6,gpt3.5 question (v0.1),Bitcoin forks,"What are the key differences between a hard fork and a soft fork in the Bitcoin network, and how do they impact the overall blockchain ecosystem?",2023-05-08 23:09:39
f7429fcc-a53a-418b-9831-afe9e321fce1,gpt3.5 question (v0.1),Bitcoin forks,What is the difference between a hard fork and a soft fork in the context of Bitcoin?,2023-05-08 23:09:39
0dba6617-0a7f-49ee-83da-154548923d8a,gpt3.5 question (v0.1),Bitcoin forks,What is the difference between a hard fork and a soft fork in Bitcoin?,2023-05-08 23:09:39
f893ef8d-04c3-471c-b9a3-58da5fba400e,gpt3.5 question (v0.1),Bitcoin forks,"What is the difference between a hard fork and a soft fork in the context of Bitcoin, and how do they affect the cryptocurrency's network and community?",2023-05-08 23:09:39
6036bd3a-0cc1-4cd0-8003-7f6a0b865135,gpt3.5 question (v0.1),Bitcoin forks,What are the differences between a hard fork and a soft fork in the context of Bitcoin forks?,2023-05-08 23:09:39
910e0101-2b75-4f7c-a1f3-9cce9e975ed2,gpt3.5 question (v0.1),Bitcoin forks,What is the difference between a hard fork and a soft fork in the context of Bitcoin and how do they affect the network and its users?,2023-05-08 23:09:39
7e480aa6-6669-45a4-8511-fb6fc33bf7e8,gpt3.5 question (v0.1),Bitcoin forks,"What is the difference between a hard fork and a soft fork in the context of Bitcoin, and how do they affect the blockchain and the network?",2023-05-08 23:09:39
f0bede56-f0df-435d-ab26-c4c7c77a6098,gpt3.5 question (v0.1),Bitcoin forks,"What are the differences between a hard fork and a soft fork in Bitcoin, and how do they impact the network and its users?",2023-05-08 23:09:39
3f3eb022-8c11-4398-9ff2-f4314b15bc6f,gpt3.5 question (v0.1),Bitcoin forks,"What are the key differences between a hard fork and a soft fork in the context of Bitcoin, and how do they impact the network and its users?",2023-05-08 23:09:39
d54440d4-4669-43a1-a424-4812c7bd828b,gpt3.5 question (v0.1),Bitcoin forks,What are the key differences between a hard fork and a soft fork in the context of Bitcoin?,2023-05-08 23:09:39
af55dcde-907f-482a-b552-1a9a9917adfe,gpt3.5 question (v0.1),Bitcoin forks,"What is the difference between a hard fork and a soft fork in the context of Bitcoin, and how do they affect the network?",2023-05-08 23:09:39
3f7f6224-3517-4fd5-856d-a6fa22c15c64,gpt3.5 question (v0.1),Bitcoin forks,"What is the difference between a hard fork and a soft fork in the context of Bitcoin, and how do they affect the blockchain network?",2023-05-08 23:09:39
e11836f9-c901-4614-8dd6-d2712aee84ef,gpt3.5 question (v0.1),Bitcoin forks,What are the differences between a hard fork and a soft fork in the context of Bitcoin?,2023-05-08 23:09:39
a91781c6-24d6-4821-9cd0-676a13abd56d,gpt3.5 question (v0.1),Bitcoin forks,What is the main difference between a hard fork and a soft fork in the context of Bitcoin?,2023-05-08 23:09:39
d5eb389e-a924-4cb6-baa1-7406da9b23b3,gpt3.5 question (v0.1),Bitcoin forks,"What is the difference between a hard fork and a soft fork in the context of Bitcoin, and how do they impact the Bitcoin network?",2023-05-08 23:09:39
e935d971-d4a6-4931-b6da-e91b3c325b7e,gpt3.5 question (v0.1),Bitcoin forks,"What is a hard fork in the context of Bitcoin, and how does it differ from a soft fork?",2023-05-08 23:09:39
fc48cf07-2be8-4810-a174-35ff7543f8a1,gpt3.5 question (v0.1),Satoshi Nakamoto,What was the reason behind Satoshi Nakamoto's decision to remain anonymous and not reveal his/her true identity to the public?,2023-05-08 23:21:46
b133e909-1f36-4cc9-a53b-8593ebeedb16,gpt3.5 question (v0.1),Satoshi Nakamoto,"What is the significance of the name ""Satoshi Nakamoto""? Is it a pseudonym or an actual person's name?",2023-05-08 23:21:46
6e7f6782-9439-4113-bac0-7cc78a39af44,gpt3.5 question (v0.1),Satoshi Nakamoto,"What inspired Satoshi Nakamoto to create Bitcoin and what is the significance of the name ""Satoshi Nakamoto""?",2023-05-08 23:21:46
268b151a-5d37-4d14-9666-cff7208df6e4,gpt3.5 question (v0.1),Satoshi Nakamoto,What was the reason behind Satoshi Nakamoto's decision to remain anonymous and never reveal his/her true identity to the public?,2023-05-08 23:21:46
a152310d-e519-4cd9-afd2-35400fd1d2d0,gpt3.5 question (v0.1),Satoshi Nakamoto,"What is the significance of the name ""Satoshi Nakamoto""? Is it a pseudonym or a real name?",2023-05-08 23:21:46
c676ff33-9cec-4516-a199-8f234507d820,gpt3.5 question (v0.1),Satoshi Nakamoto,What was the reason behind Satoshi Nakamoto's decision to remain anonymous and how did this decision affect the adoption and growth of Bitcoin?,2023-05-08 23:21:46
d9f3c23c-a7d3-4ab7-85ae-a7e82f00e158,gpt3.5 question (v0.1),Satoshi Nakamoto,What was the reason behind Satoshi Nakamoto's decision to remain anonymous and what impact has it had on the adoption and perception of Bitcoin?,2023-05-08 23:21:46
15611da1-ff3b-44ec-b56d-58c19fd5cb49,gpt3.5 question (v0.1),Satoshi Nakamoto,"What is the significance of the name ""Satoshi Nakamoto""? Is it a real person or a pseudonym?",2023-05-08 23:21:46
1907ffdb-4b59-4f75-b239-c3c288d0e80a,gpt3.5 question (v0.1),Satoshi Nakamoto,What was the reason behind Satoshi Nakamoto's decision to remain anonymous and not reveal his true identity even after creating a revolutionary technology like Bitcoin?,2023-05-08 23:21:46
2462f47c-9fa7-444c-9f32-54ab9c089d02,gpt3.5 question (v0.1),Satoshi Nakamoto,What is the real identity of Satoshi Nakamoto and why did they choose to remain anonymous?,2023-05-08 23:21:46
38f98efd-d23e-4199-9d1d-5f1c693b7a83,gpt3.5 question (v0.1),Satoshi Nakamoto,"What is the significance of the name ""Satoshi Nakamoto,"" and why did the creator of Bitcoin choose this pseudonym?",2023-05-08 23:21:46
fe070839-74e7-4ee9-91a6-d354f683b0e3,gpt3.5 question (v0.1),Satoshi Nakamoto,What was the reason behind Satoshi Nakamoto's decision to remain anonymous and not reveal his/her true identity to the world?,2023-05-08 23:21:46
a08fa7c2-c4ec-4a6d-a5e5-1cf500bef9b7,gpt3.5 question (v0.1),Satoshi Nakamoto,"What is the significance of the name ""Satoshi Nakamoto""? Is it a real name or a pseudonym?",2023-05-08 23:21:46
be1bce32-4b3d-45ba-ae00-c35807ad4a2b,gpt3.5 question (v0.1),Satoshi Nakamoto,"What is the true identity of Satoshi Nakamoto, the mysterious creator of Bitcoin, and why has he/she never come forward publicly?",2023-05-08 23:21:46
b3527ffd-0a36-41b7-8c86-3c439f88a690,gpt3.5 question (v0.1),Satoshi Nakamoto,"What is the significance of the name ""Satoshi Nakamoto""? Is it a real person's name or a pseudonym?",2023-05-08 23:21:46
eb94d7f3-6e35-4e15-be94-8dd6dee23b80,gpt3.5 question (v0.1),Satoshi Nakamoto,"What is the significance of the name ""Satoshi Nakamoto"", and why did the anonymous creator of Bitcoin choose this pseudonym?",2023-05-08 23:21:46
c971bcf4-e6cb-4264-9cbd-b5f8e7f294a2,gpt3.5 question (v0.1),Satoshi Nakamoto,"What was the initial motivation behind Satoshi Nakamoto's creation of Bitcoin, and what led them to remain anonymous?",2023-05-08 23:21:46
0a0d3a86-bf89-4250-ae10-bad82f435a9b,gpt3.5 question (v0.1),Satoshi Nakamoto,"What is the significance of the name ""Satoshi Nakamoto""?",2023-05-08 23:21:46
873a05aa-43ac-45f7-ad91-7a5d48376063,gpt3.5 question (v0.1),Satoshi Nakamoto,What was the reason behind Satoshi Nakamoto's decision to remain anonymous and not reveal their true identity to the world?,2023-05-08 23:21:46
5181f3a0-5dfd-4809-b2df-8fada56c9b34,gpt3.5 question (v0.1),Satoshi Nakamoto,What motivated Satoshi Nakamoto to create Bitcoin anonymously and why did he/she disappear from the public eye after releasing the whitepaper?,2023-05-08 23:21:46
c2cb72bd-5099-4c82-abe1-da68e1213f1c,gpt3.5 question (v0.1),Bitcoin L2 solutions,"What are some of the benefits of Bitcoin L2 solutions, such as the Lightning Network, in terms of transaction speed and cost compared to on-chain transactions?",2023-05-08 23:28:49
6c932a8e-c47d-4f5a-a1ff-0458968d02a0,gpt3.5 question (v0.1),Bitcoin L2 solutions,"What are some of the benefits of using Bitcoin's Layer 2 solutions, such as the Lightning Network, for making small transactions compared to on-chain transactions?",2023-05-08 23:28:49
83a6e018-c792-4552-8c8e-a84143d68112,gpt3.5 question (v0.1),Bitcoin L2 solutions,"What are the benefits of using Bitcoin Layer 2 solutions, such as the Lightning Network, compared to traditional on-chain transactions?",2023-05-08 23:28:49
44c0fa3e-e0a4-443f-9eb1-d6f2b8865074,gpt3.5 question (v0.1),Bitcoin L2 solutions,What are the advantages of using Bitcoin L2 solutions such as the Lightning Network over traditional on-chain transactions?,2023-05-08 23:28:49
6eebd635-b297-4d86-acbe-bc2a32722bdf,gpt3.5 question (v0.1),Bitcoin L2 solutions,"What are the potential drawbacks of using Bitcoin Layer 2 solutions, such as the Lightning Network, for micropayments and small transactions?",2023-05-08 23:28:49
b75c9b57-16c3-4513-b1fd-4d889c90fd5d,gpt3.5 question (v0.1),Bitcoin L2 solutions,What are the main differences between Bitcoin's Lightning Network and Liquid Network as Layer 2 solutions for Bitcoin?,2023-05-08 23:28:49
4faa2ff9-6a03-40b0-944b-72cbe144bdae,gpt3.5 question (v0.1),Bitcoin L2 solutions,"What are the advantages of using Bitcoin L2 solutions, such as Lightning Network, for micropayments compared to the traditional on-chain Bitcoin transactions?",2023-05-08 23:28:49
38b74414-9168-467b-af04-a25d6fc13206,gpt3.5 question (v0.1),Bitcoin L2 solutions,"What are the advantages and disadvantages of using Bitcoin's Layer 2 solutions, such as the Lightning Network, compared to on-chain transactions?",2023-05-08 23:28:49
e0c54f20-f176-400a-ad55-61dc81e0a8df,gpt3.5 question (v0.1),Bitcoin L2 solutions,"What are the benefits of using Bitcoin L2 solutions, such as the Lightning Network, for micropayments and how do they differ from traditional on-chain transactions in terms of speed and fees?",2023-05-08 23:28:49
74c7b560-2951-4907-9829-5ab891b1e429,gpt3.5 question (v0.1),Bitcoin L2 solutions,"What are the advantages of Bitcoin L2 solutions, such as the Lightning Network, over traditional on-chain transactions?",2023-05-08 23:28:49
91198dcc-e0dd-47d3-bdde-d0424cb86a81,gpt3.5 question (v0.1),Bitcoin L2 solutions,What are the benefits of using Bitcoin L2 solutions like Lightning Network and how do they improve the overall scalability of the Bitcoin network?,2023-05-08 23:28:49
4a7f3fcf-c0e0-4ae8-8d8d-7fb38f6c0592,gpt3.5 question (v0.1),Bitcoin L2 solutions,What are the benefits of using Bitcoin L2 solutions like Lightning Network over traditional on-chain transactions?,2023-05-08 23:28:49
48c3cfcc-bea7-4e27-87e2-4c04b8899c70,gpt3.5 question (v0.1),Bitcoin L2 solutions,"What are the main differences between Bitcoin's Lightning Network and other Layer 2 solutions, such as Sidechains and Plasma?",2023-05-08 23:28:49
600a69f7-165d-4b49-ba41-6302f63c1bc9,gpt3.5 question (v0.1),Bitcoin L2 solutions,"What are the benefits of using Bitcoin L2 solutions such as the Lightning Network, and how do they differ from traditional on-chain transactions in terms of speed, cost, and scalability?",2023-05-08 23:28:49
ab17eb0e-68bf-485e-bdb2-a45a3d5e2433,gpt3.5 question (v0.1),Bitcoin L2 solutions,What are the benefits of utilizing Bitcoin L2 solutions like the Lightning Network for micropayments compared to on-chain transactions?,2023-05-08 23:28:49
b30ba884-8248-45f4-b737-2a5b067234fd,gpt3.5 question (v0.1),Bitcoin L2 solutions,"What are the benefits of using Bitcoin L2 solutions such as Lightning Network, and how do they help to improve the scalability and efficiency of the Bitcoin network?",2023-05-08 23:28:49
e47a31dc-d5e2-4dc4-b96d-7c9ca435eec2,gpt3.5 question (v0.1),Bitcoin L2 solutions,What are the benefits of using Bitcoin L2 solutions like Lightning Network and how do they improve the scalability and speed of Bitcoin transactions?,2023-05-08 23:28:49
c24ee98c-0c31-4401-b80a-077fcd8d49d1,gpt3.5 question (v0.1),Bitcoin L2 solutions,What are the benefits of using Bitcoin's Layer 2 solutions such as the Lightning Network over traditional on-chain transactions?,2023-05-08 23:28:49
d6aa8e75-48dd-4a5b-9bfc-08a8a649ab24,gpt3.5 question (v0.1),Bitcoin L2 solutions,"What are some of the benefits of using Bitcoin L2 solutions such as the Lightning Network, and how do they help to address the scalability issues faced by the Bitcoin network?",2023-05-08 23:28:49
72f8967e-0da0-4870-9d6c-4fcc43841eb6,gpt3.5 question (v0.1),Bitcoin L2 solutions,What are some of the most popular Bitcoin Layer 2 solutions currently available in the market and how do they work to improve the scalability and speed of Bitcoin transactions?,2023-05-08 23:28:49
c9a6fccf-176d-41fd-9841-c69573f16d74,gpt3.5 question (v0.1),Bitcoin vs other forms of money,"What are the key differences between Bitcoin and traditional fiat currency in terms of their supply, issuance, and monetary policies?",2023-05-08 23:40:19
dee0b1f8-9324-43b2-b9e8-4a6c59021255,gpt3.5 question (v0.1),Bitcoin vs other forms of money,How does the decentralized nature of Bitcoin make it different from traditional fiat currencies and what impact does it have on the global financial system?,2023-05-08 23:40:19
56586b5b-21d7-49fa-81f8-1b4dc1b6754b,gpt3.5 question (v0.1),Bitcoin vs other forms of money,"What advantages does Bitcoin have over traditional forms of money, such as cash or credit?",2023-05-08 23:40:19
cfa79b37-2073-42d7-9bd9-95a187adeea8,gpt3.5 question (v0.1),Bitcoin vs other forms of money,What makes Bitcoin a better store of value compared to traditional forms of money such as fiat currency or gold?,2023-05-08 23:40:19
7554d57b-8d7e-4ebc-accf-b2b5cac053dc,gpt3.5 question (v0.1),Bitcoin vs other forms of money,"What advantages does Bitcoin have over traditional forms of money, such as cash and credit cards, when it comes to global transactions and cross-border payments?",2023-05-08 23:40:19
e9319d24-ef6d-4e97-986b-efcab3dea0a2,gpt3.5 question (v0.1),Bitcoin vs other forms of money,How does the decentralized nature of Bitcoin make it different from traditional fiat currencies and what impact does this have on its value and usage?,2023-05-08 23:40:19
d8dd4ee8-173e-4205-ac98-6a6935780bc5,gpt3.5 question (v0.1),Bitcoin vs other forms of money,"How does the decentralized nature of Bitcoin differ from the centralized control of traditional forms of money, such as fiat currency?",2023-05-08 23:40:19
af784235-c84a-42f9-bba0-434225809842,gpt3.5 question (v0.1),Bitcoin vs other forms of money,How does the decentralized and borderless nature of Bitcoin compare to the centralized and geographically limited nature of traditional fiat currencies?,2023-05-08 23:40:19
5ac43b29-600b-4ee5-8cc2-5601c879000d,gpt3.5 question (v0.1),Bitcoin vs other forms of money,"How does the decentralized nature of Bitcoin make it different from traditional forms of money, such as fiat currency and precious metals?",2023-05-08 23:40:19
63baca27-1de3-43cc-96b5-d5e73e4d5885,gpt3.5 question (v0.1),Bitcoin vs other forms of money,How does Bitcoin's decentralized nature compare to government-controlled fiat currencies in terms of stability and inflation?,2023-05-08 23:40:19
face9b63-afe3-4225-8942-ae3970f3700d,gpt3.5 question (v0.1),Bitcoin vs other forms of money,How does the decentralized nature of Bitcoin make it different from traditional forms of money that are controlled by central authorities such as governments and banks?,2023-05-08 23:40:19
d0f77073-09aa-4c75-b0b1-38bc63413aca,gpt3.5 question (v0.1),Bitcoin vs other forms of money,"How does the decentralized nature of Bitcoin differ from the centralized control of traditional forms of money, and what are the implications of this difference for the security and stability of the currency?",2023-05-08 23:40:19
85da2842-eaaf-4bfb-9c98-7def02998533,gpt3.5 question (v0.1),Bitcoin vs other forms of money,How does the decentralized nature of Bitcoin provide a distinct advantage over traditional forms of money such as fiat currency or gold?,2023-05-08 23:40:19
f9d849f8-f069-4746-9b54-6d828081ae85,gpt3.5 question (v0.1),Bitcoin vs other forms of money,What are the advantages of using Bitcoin over traditional fiat currencies and how does it compare to other emerging forms of digital money such as stablecoins and central bank digital currencies?,2023-05-08 23:40:19
2b5c7612-a77d-47e7-bcc2-2fc1abf024b2,gpt3.5 question (v0.1),Bitcoin vs other forms of money,"What are the key differences between Bitcoin and traditional fiat currency, and how do these differences affect the way people use and value these forms of money?",2023-05-08 23:40:19
b7050c7b-c66d-451a-906e-ed8be70a34cd,gpt3.5 question (v0.1),Bitcoin vs other forms of money,"What are the key differences between Bitcoin and traditional fiat currency, and how do these differences impact the way people use and perceive these forms of money?",2023-05-08 23:40:19
b5e48144-c8b1-4b9e-a238-c12566917d9a,gpt3.5 question (v0.1),Bitcoin vs other forms of money,How does the decentralized nature of Bitcoin affect its value and stability in comparison to traditional fiat currencies?,2023-05-08 23:40:19
f0f13f02-cb03-4830-b895-007a2cf7e40c,gpt3.5 question (v0.1),Bitcoin vs other forms of money,"How does the decentralized nature of Bitcoin differ from the centralized control of traditional forms of money, and what are the potential implications of this difference for the future of global finance?",2023-05-08 23:40:19
de2027e9-20ac-4c35-9e2b-ac7dc6013ce0,gpt3.5 question (v0.1),Bitcoin vs other forms of money,What advantages does Bitcoin offer over traditional fiat currencies when it comes to cross-border transactions and settlement times?,2023-05-08 23:40:19
05c7c194-a51c-4628-b88a-d6a9ae16138a,gpt3.5 question (v0.1),Bitcoin vs other forms of money,"In what ways does the decentralized nature of Bitcoin differ from the centralized control of traditional forms of money, and how does this impact its value and use as a currency?",2023-05-08 23:40:19
eafa15ea-7b21-4afd-bfa8-8a243c4c1f65,gpt3.5 question (v0.1),Bitcoin vs other forms of crypto,"What are the key differences between Bitcoin and other cryptocurrencies like Ethereum, Litecoin, and Ripple, and how do these differences impact their adoption and use cases?",2023-05-08 23:52:21
17652744-ce23-451d-a75e-1387936e1ef1,gpt3.5 question (v0.1),Bitcoin vs other forms of crypto,"What are the key differences between Bitcoin and other types of cryptocurrencies, such as Ethereum, Ripple, and Litecoin, and how do these differences impact their adoption and usage in the market?",2023-05-08 23:52:21
b69784fb-e304-41db-bcf4-18a428ca688c,gpt3.5 question (v0.1),Bitcoin vs other forms of crypto,"What are the key differences between Bitcoin and Ethereum, and how do these differences impact their use cases and market value?",2023-05-08 23:52:21
3027b9af-fb9d-4b35-8069-3199fdde670f,gpt3.5 question (v0.1),Bitcoin vs other forms of crypto,"How does the decentralization of Bitcoin compare to the governance models of other cryptocurrencies, such as Ethereum or Ripple?",2023-05-08 23:52:21
0d20a165-f188-40ee-b142-2a2f97ca1f91,gpt3.5 question (v0.1),Bitcoin vs other forms of crypto,"What are the main differences between Bitcoin and other cryptocurrencies such as Ethereum, Litecoin, and Ripple in terms of their underlying technology, use cases, and adoption rates?",2023-05-08 23:52:21
5669b117-740c-4927-9647-56cb3a87208a,gpt3.5 question (v0.1),Bitcoin vs other forms of crypto,"What are the key differences between Bitcoin and altcoins, and how do these differences impact their adoption and usage in the market?",2023-05-08 23:52:21
ba4356db-8b0d-465e-9748-14dabe74a17f,gpt3.5 question (v0.1),Bitcoin vs other forms of crypto,"How does the underlying technology of Bitcoin differ from other cryptocurrencies such as Ethereum or Ripple, and how does this affect their respective use cases and potential for adoption?",2023-05-08 23:52:21
63c8aaf2-dc2e-49b4-8487-91caea8eb83a,gpt3.5 question (v0.1),Bitcoin vs other forms of crypto,"What are the key differences between Bitcoin and other cryptocurrencies, such as Ethereum and Ripple, in terms of their underlying technology and use cases?",2023-05-08 23:52:21
b7617938-9af0-486f-80fa-52ba29b165e9,gpt3.5 question (v0.1),Bitcoin vs other forms of crypto,How does the decentralization of Bitcoin differ from the governance models of other cryptocurrencies such as Ethereum or Ripple?,2023-05-08 23:52:21
3cb2af33-931c-4876-814d-2d83f4c7b918,gpt3.5 question (v0.1),Bitcoin vs other forms of crypto,How does Bitcoin's transaction speed and scalability compare to other popular cryptocurrencies such as Ethereum and Litecoin?,2023-05-08 23:52:21
bf3c2294-eec3-4d7d-a390-3e1bd6a23050,gpt3.5 question (v0.1),Bitcoin vs other forms of crypto,How does the decentralization and open-source nature of Bitcoin compare to the centralized and closed-source nature of other cryptocurrencies like Ripple or EOS?,2023-05-08 23:52:21
d8a51d21-ff31-40d1-8844-410158b4f6d0,gpt3.5 question (v0.1),Bitcoin vs other forms of crypto,"What are the key differences between Bitcoin and other cryptocurrencies such as Ethereum, Ripple, and Litecoin, and how do these differences impact their use cases and potential for adoption?",2023-05-08 23:52:21
798233f3-7fe1-4547-97df-40595a7c6278,gpt3.5 question (v0.1),Bitcoin vs other forms of crypto,How does Bitcoin's Proof of Work consensus algorithm compare to other cryptocurrencies that use Proof of Stake or Delegated Proof of Stake?,2023-05-08 23:52:21
3103a504-7963-45ea-94cc-33a20ad1de33,gpt3.5 question (v0.1),Bitcoin vs other forms of crypto,How does the decentralized nature and limited supply of Bitcoin differentiate it from other cryptocurrencies that have centralized governance and potentially infinite supply?,2023-05-08 23:52:21
3c18a7c4-9175-4340-b6cc-1348628f1f27,gpt3.5 question (v0.1),Bitcoin vs other forms of crypto,"What are the key differences in terms of transaction speed and scalability between Bitcoin and other cryptocurrencies like Ethereum, Ripple, and Litecoin?",2023-05-08 23:52:21
5dfa1cd6-d34e-4a8f-b8bc-3965cd98195c,gpt3.5 question (v0.1),Bitcoin vs other forms of crypto,How does the decentralization of Bitcoin compare to the governance structures of other cryptocurrencies such as Ethereum or Ripple?,2023-05-08 23:52:21
a9e33dbf-568a-4821-b70a-00ceefac7e40,gpt3.5 question (v0.1),Bitcoin vs other forms of crypto,How does the decentralized nature of Bitcoin differ from the centralized nature of other cryptocurrencies like Ripple or Stellar?,2023-05-08 23:52:21
341f2148-3002-4a51-8496-259cf58c811f,gpt3.5 question (v0.1),Bitcoin vs other forms of crypto,"How does the level of decentralization differ between Bitcoin and other cryptocurrencies, and what impact does this have on their respective ecosystems?",2023-05-08 23:52:21
57e01823-16b5-43b7-a9e1-4b7c079a640f,gpt3.5 question (v0.1),Bitcoin vs other forms of crypto,How does Bitcoin's decentralized nature compare to the centralized control of other cryptocurrencies like Ripple or Stellar?,2023-05-08 23:52:21
5c669bf3-7cae-4f65-ba54-5c9d4d457b75,gpt3.5 question (v0.1),Bitcoin vs other forms of crypto,"How does the decentralized nature of Bitcoin compare to the centralized nature of other cryptocurrencies, and what impact does this have on security and transaction speed?",2023-05-08 23:52:21
ee2ccb82-5afe-41a1-9dbe-661697e9a4f1,gpt3.5 question (v0.1),Bitcoin vs other forms of crypto,How does the decentralized nature of Bitcoin compare to the centralized structure of other cryptocurrencies like Ripple (XRP)?,2023-05-08 23:52:21
66369d94-1889-47c3-948f-e934648d5b74,gpt3.5 question (v0.1),Bitcoin vs other forms of crypto,How does the decentralization of Bitcoin compare to the governance models of other cryptocurrencies like Ethereum or Ripple?,2023-05-08 23:52:21
23909fca-6a25-47d8-8c91-89c05cb7e208,gpt3.5 question (v0.1),Bitcoin vs other forms of crypto,"What are the key differences between Bitcoin and other cryptocurrencies like Ethereum, Ripple, and Litecoin in terms of their underlying technology and use cases?",2023-05-08 23:52:21
152e7fdb-0cc4-4a40-aa54-4198a3e11515,gpt3.5 question (v0.1),Bitcoin vs other forms of crypto,How does Bitcoin's limited supply compare to other cryptocurrencies that have no hard cap on the total number of coins that can be created?,2023-05-08 23:52:21
f3e8f205-bb26-4328-8bd5-8df7ae06e6f1,gpt3.5 question (v0.1),Bitcoin vs other forms of crypto,"What are the key differences between Bitcoin and other cryptocurrencies like Ethereum, Ripple, and Litecoin, and how do these differences impact their adoption and usage in the market?",2023-05-08 23:52:21
c2690b66-faf7-4063-9223-15d1fd6ab238,gpt3.5 question (v0.1),Bitcoin vs other forms of crypto,"What are the key differences between Bitcoin and other cryptocurrencies in terms of their underlying technology, consensus mechanism, and adoption?",2023-05-08 23:52:21
ca33c620-0bf7-4567-983e-41be042e8e7e,gpt3.5 question (v0.1),Bitcoin vs other forms of crypto,How does the decentralization and security of Bitcoin differ from other cryptocurrencies like Ripple or Ethereum?,2023-05-08 23:52:21
495e27e4-f7f4-4db6-86a9-ea51b592109b,gpt3.5 question (v0.1),Bitcoin vs other forms of crypto,"How does the underlying technology of Bitcoin, such as its proof-of-work consensus algorithm, differ from the proof-of-stake consensus algorithm used by other cryptocurrencies like Ethereum and Cardano?",2023-05-08 23:52:21
8dbc8a20-fc5f-4198-bc59-18130126840a,gpt3.5 question (v0.1),Bitcoin vs other forms of crypto,"How does Bitcoin's mining process differ from other cryptocurrencies, and how does this affect the security and decentralization of the network compared to other cryptos?",2023-05-08 23:52:21
6685681f-ec99-4402-92e5-0de7fdfec982,gpt3.5 question (v0.1),Bitcoin vs other forms of crypto,"What are the key differences between Bitcoin and other cryptocurrencies such as Ethereum, Ripple, and Litecoin in terms of their underlying technology and use cases?",2023-05-08 23:52:21
